config,metric,full_dim,d_sub,kernel,ns_mean,ns_std,trials
wide,dot,1536,32,repack,93.8960,7.5971,5
wide,dot,1536,32,gather,97.6661,11.5376,5
wide,dot,1536,32,contiguous,14.5737,1.4623,5
wide,dot,1536,128,repack,211.0199,35.6846,5
wide,dot,1536,128,gather,400.4742,42.0794,5
wide,dot,1536,128,contiguous,49.2770,9.2549,5
wide,dot,1536,192,repack,207.8047,12.1907,5
wide,dot,1536,192,gather,387.9217,59.7006,5
wide,dot,1536,192,contiguous,53.9878,2.0644,5
wide,dot,1536,384,repack,313.9817,34.3134,5
wide,dot,1536,384,gather,752.4185,199.8951,5
wide,dot,1536,384,contiguous,104.5784,3.7135,5
wide,dot,1536,768,repack,510.9760,27.8258,5
wide,dot,1536,768,gather,957.5642,210.9988,5
wide,dot,1536,768,contiguous,161.4374,8.2401,5
sift,euclid,128,32,repack,36.0712,1.8696,5
sift,euclid,128,32,gather,35.4339,1.6862,5
sift,euclid,128,32,contiguous,11.9572,0.8600,5
sift,euclid,128,96,repack,65.3946,2.8860,5
sift,euclid,128,96,gather,75.8925,2.8763,5
sift,euclid,128,96,contiguous,17.2030,2.1362,5
sift,euclid,128,128,repack,81.9975,7.5755,5
sift,euclid,128,128,gather,100.1668,3.4776,5
sift,euclid,128,128,contiguous,17.1199,0.1942,5
