resi,value
191,0.6701
192,0.5238
193,0.2606
194,0.5758
195,0.0305
196,0.7975
197,0.2177
198,0.1786
199,0.2072
200,0.2744
201,0.1000
202,0.5441
203,0.6577
204,0.0254
205,0.2722
206,0.5541
207,0.0976
208,0.6912
209,0.8351
210,0.7113
211,0.2738
212,0.0566
213,0.0070
214,0.3351
215,0.0671
216,0.5722
217,0.4231
218,0.0000
219,0.0812
220,0.0000
221,0.0122
222,0.0061
223,0.0094
224,0.3804
225,0.4098
226,0.4390
227,0.0000
228,0.4692
229,0.5223
230,0.2308
231,0.7702
232,0.1959
233,0.0000
234,0.5000
235,0.3676
236,0.0070
237,0.2256
238,0.6237
239,0.2170
240,0.0704
241,0.6698
242,0.5805
243,0.4717
244,0.7976
245,0.3805
246,0.2279
247,0.0061
248,0.0000
249,0.0000
250,0.0000
251,0.0000
252,0.3093
253,0.1472
254,0.0070
255,0.3814
256,0.6548
257,0.4485
258,0.0000
259,0.2195
260,0.4906
261,0.2817
262,0.0183
263,0.1197
264,0.4085
265,0.2675
266,0.2042
267,0.6383
268,0.7177
269,0.7262
270,0.7337
271,0.1972
272,0.3415
273,0.0563
274,0.0000
275,0.0000
276,0.0000
277,0.3805
278,0.0000
279,0.0441
280,0.0833
281,0.7005
282,0.7024
283,0.6994
284,0.5887
285,0.1492
286,0.2146
287,0.5094
288,0.2287
289,0.0000
290,0.4545
291,0.5521
292,0.0000
293,0.0000
294,0.6620
295,0.4695
296,0.0070
297,0.5595
298,0.1310
299,0.3380
300,0.1549
301,0.1657
307,0.8511
308,0.2113
309,0.0366
310,0.3814
311,0.6683
312,0.0660
313,0.4930
314,0.3902
315,0.4072
316,0.2822
317,0.0549
318,0.0000
319,0.3232
320,0.0472
321,0.1854
322,0.3266
323,0.0000
324,0.1972
325,0.0000
326,0.3503
327,0.4878
328,0.6810
329,0.1056
330,0.0000
331,0.1549
332,0.0296
333,0.1124
334,0.6871
335,0.4524
336,0.8310
